site,year,date,method,sample_point,habitat,lat,long,easting,northing,amb_nox_mgL,amb_drp_mgL,amb_nh3_mgL,in_nox_mgL,in_drp_mgL,in_nh3_mgL,flux_drp_mgm2d,flux_nox_mgm2d,flux_nh3_mgm2d,soil_id,water_id,water_depth,phys_wtemp_C,phys_pH,phys_do_mgL,phys_do_pct,phys_spec_cond,phys_turb_fnu,soil_TP_mg_kg,soil_TN_mg_kg,M3_P_mg_kg,M3_Fe_mg_kg,M3_Al_mg_kg,soil_SPSC,M3_Ca_mg_kg,M3_Mg_mg_kg,M3_K_mg_kg,WE_srp_mg_kg,WE_nh3_mg_kg,WE_nox_mg_kg,soil_pH,ECw_uS_cm,bulk_density_g_cm3,N2_flux_mg_m2_d,O2_flux_mg_m2_d,TOC_mg_kg,resin_accum_top_drp_mgm2d,resin_accum_bottom_drp_mgm2d,resin_accum_top_nox_mgm2d,resin_accum_bottom_nox_mgm2d,resin_accum_top_nh3_mgm2d,resin_accum_bottom_nh3_mgm2d
MAGM,2022,20220711,ic,1,grasses,41.60539333,-83.15365167,320536,4608205,0.001635,0.03957,0.01145,0.022446667,0.036723333,0.062483333,-4.925685333,-1.162421333,8.233642667,S02525,W04022,58,25.1,NA,8.35,102.2,338.6,5.55,323.4282042,2098.413306,40.64925485,2538.795566,1017.657661,216.7333899,6415.926248,678.9138705,65.13389373,0.1,12.08570656,17.24474905,6.988,222,0.318795855,-27.31909795,-830.2323765,80074,NA,NA,NA,NA,NA,NA
MAGM,2022,20220711,ic,2,grasses,41.60564667,-83.153615,320540,4608233,0.00837,0.0472,0.02274,0.022446667,0.036723333,0.062483333,-0.579168,-0.914069333,-3.634474667,S02526,W04023,64,23.4,7.46,3.26,38.1,343.5,2.05,405.8746033,2472.393044,27.66091559,2053.291042,596.7407314,154.5180865,6402.63151,664.2004818,73.74632216,0.1,17.8814279,9.567854431,7.172,246,0.563238409,33.36054895,-349.5437297,82604,NA,NA,NA,NA,NA,NA
MAGM,2022,20220711,ic,3,grasses,41.60590667,-83.15346167,320554,4608261,0.03264,0.02284,0.02919,0.022446667,0.036723333,0.062483333,-2.426282667,-0.06752,-3.884298667,S02527,W04024,60,25.9,7.65,9.71,104.6,3.1,2.9,273.6367239,2478.246963,73.27799919,2622.895005,390.4182861,116.7437775,7897.850388,731.1228685,142.4463322,2.014203332,55.8770992,6.104585482,7.172,252,1.158550792,-3.097276192,-9.043778697,125787,NA,NA,NA,NA,NA,NA
MAGM,2022,20220711,ic,4,sav,41.606415,-83.15223667,320657,4608315,0.03368,0.01067,0.01823,0.045673333,0.101483333,0.076336667,-10.60452267,-2.153930667,48.096416,S02528,W04025,72.5,22.8,8.05,8.12,94.4,NA,3.77,220.2502292,2631.347961,33.23551849,2519.566746,1263.248826,251.2801778,8466.648931,830.2495892,255.6045199,0.1,80.57546962,7.793582667,7.264,332,1.555587703,-12.41357131,-691.8659025,101503,NA,NA,NA,NA,NA,NA
MAGM,2022,20220711,ic,5,sav,41.60622333,-83.15063,320791,4608291,0.001635,0.0216,0.01701,0.045673333,0.101483333,0.076336667,-8.224746667,-2.252309333,22.90429867,S02529,W04026,89,22.9,7.73,6.12,82.1,322.3,2.55,275.9565013,2169.338675,30.23085386,2956.612189,536.120783,194.9933579,7410.316376,697.9685666,213.5812715,0.1,49.42901109,0.5,7.356,359,0.874258756,11.89850921,-653.0236542,71094,NA,NA,NA,NA,NA,NA
MAGM,2022,20220711,ic,6,sav,41.60669667,-83.15042333,320809,4608343,0.001635,0.01017,0.01243,0.045673333,0.101483333,0.076336667,-3.762133333,-2.070186667,-0.330026667,S02530,W04027,84,23.76,8.64,11.92,140,286,2.75,395.3112342,2001.233621,19.34298137,2218.990354,317.3178552,139.9267754,7356.411123,624.579863,222.1224987,0.1,50.74335367,3.816065215,7.448,319,0.522902958,15.32415851,-362.4352699,57544,NA,NA,NA,NA,NA,NA
MAGM,2022,20220711,ic,7,hardwoods,41.6073,-83.15146167,320724,4608412,0.001635,0.02099,0.01372,0.020403333,0.019293333,0.019963333,-0.078656,0.136096,3.787818667,S02531,W04028,50,24.5,7.43,6.37,74.5,326.4,1.2,253.7233788,1515.349074,33.98477642,2264.967274,1218.985674,231.3549549,5659.85136,790.8390947,146.0267319,0.1,25.21696267,6.043089391,7.08,312,1.034628622,34.49777229,-503.362598,55601,NA,NA,NA,NA,NA,NA
MAGM,2022,20220711,ic,8,hardwoods,41.60736333,-83.15079,320780,4608417,0.001635,0.01453,0.01375,0.020403333,0.019293333,0.019963333,5.103786667,0.208384,61.293632,S02532,W04029,84,24.6,7.34,7.67,92.3,153.4,2.96,262.4916456,1636.34661,45.63176311,3086.922726,1195.603179,262.5244168,5527.260286,801.8583056,171.3798315,0.1,16.76243971,4.952124463,6.988,172.8,0.622040694,11.67006554,-674.9583433,60553,NA,NA,NA,NA,NA,NA
MAGM,2022,20220711,ic,9,hardwoods,41.60783167,-83.14869333,320956,4608465,0.001635,0.02006,0.01349,0.020403333,0.019293333,0.019963333,0.667850667,-0.103904,2.708885333,S02533,W04030,73,25.2,NA,8.16,98.9,319.6,5.69,244.4545044,1652.770869,39.03516327,3276.884104,457.9014366,194.9376469,7735.171161,672.3361333,153.2087042,0.1,38.45102547,0.5,7.172,403,1.145429621,7.212275755,-1056.844554,60257,NA,NA,NA,NA,NA,NA
MAGM,2022,20220711,ic,10,typha,41.60780833,-83.14759167,321048,4608460,0.00345,0.01783,0.01675,0.023813333,0.015196667,0.015386667,1.411637333,0.110773333,33.84193067,S02534,W04031,87,26,7.25,8.39,96.4,NA,6.32,234.0781252,2814.219519,45.61625415,2408.60152,1394.994901,247.8831256,9400.19253,1033.7838,113.5065335,0.1,91.95350562,0.5,6.988,386,NA,14.03328566,-361.4483571,131970,NA,NA,NA,NA,NA,NA
MAGM,2022,20220711,ic,11,typha,41.60860833,-83.14573,321205,4608545,0.001635,0.02316,0.01771,0.023813333,0.015196667,0.015386667,1.416981333,-1.098762667,36.82103467,S02535,W04032,107,24,6.97,2.15,26.1,309.5,6.42,289.5670551,2127.365001,22.61820334,2228.242512,994.5430958,214.9192171,5872.692465,653.2827868,64.82575346,0.1,27.62404888,0.5,7.08,307,NA,13.81497402,-476.180361,69076,NA,NA,NA,NA,NA,NA
MAGM,2022,20220711,ic,12,typha,41.60995667,-83.144685,321296,4608693,0.001635,0.01608,0.01193,0.023813333,0.015196667,0.015386667,1.845312,-1.343648,7.961408,S02536,W04033,89,25.7,7.09,5.44,67.3,360.7,4.58,226.7964641,957.9224596,44.27887068,1488.268574,1341.299407,192.1084684,4169.221334,782.1111199,117.5283036,0.1,17.25476014,0.5,7.54,188.6,NA,58.81577543,-823.9192001,38089,NA,NA,NA,NA,NA,NA
MAGM,2023,20230731,ic,13,sav,41.608985,-83.14094333,321605,4608577,0.00615,0.01053,0.0165,0.016113333,0.00261,0.041873333,0.027456,2.269088,24.365216,S02652,W04127,110,23,NA,1.76,21.1,259.7,12.75,478.7748345,4578.487905,35.19992213,2114.057823,26.77376889,84.90230411,16706.21304,920.3885888,283.5071853,0.1,96.59385281,57.08611176,7.724,6550,0.284292036,-5.911915285,-258.549608,102447,NA,NA,NA,NA,NA,NA
MAGM,2023,20230731,ic,14,sav,41.60968667,-83.13958,321721,4608652,0.02847,0.003985,0.01306,0.016113333,0.00261,0.041873333,0.842357333,1.896874667,17.64616533,S02653,W04128,100,23,NA,0.34,4.1,274,28.1,518.017887,4694.064772,40.68881822,2395.646546,531.171584,152.9136969,10892.15255,900.2149106,230.7864395,0.1,55.91653242,38.14249039,7.632,5647,0.284778005,7.99244288,-224.0220042,91912,NA,NA,NA,NA,NA,NA
MAGM,2023,20230731,ic,15,sav,41.610255,-83.13949333,321730,4608715,0.00615,0.003985,0.01555,0.016113333,0.00261,0.041873333,1.062016,1.641962667,6.970336,S02654,W04129,91,23.1,NA,1.56,15.1,257.8,14.36,910.1289472,4165.287429,24.5086811,2020.100516,378.6764867,130.7959825,10754.41222,695.2869736,251.4781312,0.1,50.79951944,10.03471447,7.908,4715,0.408214205,-8.801425717,-290.0446323,86108,NA,NA,NA,NA,NA,NA
MAGM,2023,20230731,ic,16,sav,41.61049167,-83.13918167,321756,4608741,0.00615,0.003985,0.01416,0.016113333,0.00261,0.041873333,0.102528,4.194485333,11.846016,S02655,W04130,92,22.8,NA,0.87,10.1,265.1,8.1,470.4083473,5424.33927,30.50753635,1799.190297,1021.632547,186.3890497,7137.283824,750.7204022,187.4987671,0.1,49.45225187,37.97142461,7.908,4830,0.840240906,-27.06592959,-382.2407417,107837,NA,NA,NA,NA,NA,NA
MAGM,2023,20230731,ic,17,fav,41.61137167,-83.14190833,321532,4608844,0.00615,0.003985,0.01707,0.024156667,0.0066,0.032696667,-0.90344,-2.636362667,20.75746133,S02656,W04131,76.5,21.9,NA,0.28,3.3,298.4,19.41,487.2269783,4449.53393,25.94583074,1876.071619,1599.231179,261.5235655,11680.49383,1043.677223,362.3275699,0.1,43.02338297,22.74048089,7.816,5074,0.790186069,-142.0571995,-153.1897839,70022,NA,NA,NA,NA,NA,NA
MAGM,2023,20230731,ic,18,fav,41.61154667,-83.13758167,321893,4608855,0.00615,0.00861,0.01703,0.024156667,0.0066,0.032696667,-0.222090667,-2.86256,11.57442133,S02657,W04132,89.5,21.9,NA,0.35,3.8,285.4,43.48,662.6964887,6150.056486,101.7159898,3553.914753,427.7565825,144.1313697,13338.02425,1051.137521,307.3167538,0.1,121.4836694,23.10009351,7.632,7579,NA,-78.77591045,133.1705229,114805,NA,NA,NA,NA,NA,NA
MAGM,2023,20230731,ic,19,fav,41.608745,-83.138795,321784,4608546,0.00615,0.003985,0.01523,0.024156667,0.0066,0.032696667,-0.703258667,-1.396032,58.77185067,S02658,W04133,76,23.2,NA,0.7,7.7,293.5,48.62,512.7541321,5386.548993,52.57563285,2661.331907,699.4133823,175.0511157,11044.83344,840.1863224,286.1084814,0.1,104.0152784,18.3203618,7.908,5537,0.4257091,-92.43913735,-327.1015113,100743,NA,NA,NA,NA,NA,NA
MAGM,2023,20230731,ic,20,fav,41.60964,-83.13709667,321928,4608642,0.00615,0.003985,0.01846,0.024156667,0.0066,0.032696667,-0.336373333,-2.35568,74.79344,S02659,W04134,90.5,22.7,NA,0.32,3.7,268.5,8.31,525.5296091,4412.336837,36.28135455,2250.975411,1054.734185,209.4253229,9770.366841,646.7284698,178.4415058,0.1,54.27203177,17.41575953,7.908,4740,0.401896604,-86.90289123,-112.0427487,71725,NA,NA,NA,NA,NA,NA
MAGM,2023,20230731,ic,21,fav,41.60840667,-83.13594833,322020,4608503,0.00615,0.01137,0.01829,0.015965,0.008673333,0.02942,-0.148992,1.356693333,8.913813333,S02660,W04135,77,22.4,NA,0.25,2.8,443.3,143.66,663.1149827,6393.719044,21.43356599,2284.857795,427.1924475,154.0976551,8624.514714,554.2410274,194.0347757,0.1,56.24244366,16.63918974,7.724,5071,0.431054762,-4.201835232,-211.3135904,95660,NA,NA,NA,NA,NA,NA
MAGM,2023,20230731,ic,22,fav,41.61056833,-83.13472667,322128,4608740,0.00615,0.01437,0.01946,0.015965,0.008673333,0.02942,0.446528,2.599930667,10.982336,S02661,W04136,86,22,NA,0.28,3.1,26.7,12.66,919.6992033,8129.205236,50.25836332,2351.896225,505.8366017,138.0134278,9722.309604,705.0809223,199.6102796,0.1,175.0801207,13.4530919,7.908,5218,0.351841767,-23.77239998,-226.3783502,138278,NA,NA,NA,NA,NA,NA
MAGM,2023,20230731,ic,23,fav,41.610228,-83.132421,322319,4608697,0.00615,0.02498,0.04091,0.015965,0.008673333,0.02942,0.213728,2.375546667,32.58693333,S02662,W04137,78,23,NA,0.29,3.6,310.45,24.8,769.0163547,9001.708115,64.82538218,2491.49801,83.30789986,82.66181021,13047.01863,706.9790627,218.7401414,0.1,205.923016,33.23457708,7.908,5761,0.405298389,-19.54279786,-269.349133,146440,NA,NA,NA,NA,NA,NA
MAGM,2023,20230731,ic,24,fav,41.61188,-83.131599,322392,4608879,0.00615,0.02377,0.02072,0.015965,0.008673333,0.02942,-0.330186667,2.425632,-0.446944,S02663,W04138,79,22.5,NA,0.23,2.8,654,35.95,633.1616789,5211.028504,22.12212709,1975.13224,456.3960516,139.6165787,9428.309092,645.9958268,116.6991461,0.1,74.18852429,39.50935828,7.724,5311,0.256591786,-5.876099008,-307.4814117,104448,NA,NA,NA,NA,NA,NA
MAGM,2023,20230731,ic,25,hardwoods,41.611892,-83.129617,322557,4608876,0.00615,0.16631,0.31082,0.013345,0.02813,0.05173,4.141216,1.176213333,55.89962667,S02664,W04139,54,23.9,NA,0.39,5.1,370.8,19.62,684.7236474,4409.399293,50.79458656,2189.485067,181.9680917,91.30168383,7096.572202,423.8994679,114.3336633,0.1,51.9269267,19.90293116,7.816,4911,0.556920808,-22.82951081,-366.8262076,115000,NA,NA,NA,NA,NA,NA
MAGM,2023,20230731,ic,26,hardwoods,41.611452,-83.129667,322552,4608828,0.02836,0.04984,0.03389,0.013345,0.02813,0.05173,11.117568,0.525450667,151.7574613,S02665,W04140,59,24.7,NA,0.91,10.6,325.1,15.73,828.5202431,5995.94642,115.1883408,3223.689877,290.0901684,96.57256922,9278.413863,507.704373,208.6245768,0.1,171.1248433,8.813139701,7.724,7287,0.548173361,-22.74023806,-254.0597302,105979,NA,NA,NA,NA,NA,NA
MAGM,2023,20230731,ic,27,hardwoods,41.610805,-83.129766,322542,4608756,0.01348,0.12256,0.16109,0.013345,0.02813,0.05173,10.471168,1.498112,54.486944,S02666,W04141,50.5,25.4,NA,0.24,3,322.9,18.41,780.2142474,5740.821686,51.92400947,1953.186054,1049.021409,176.6419888,7232.637075,657.6361121,209.3622307,0.1,61.28649673,41.38798406,7.632,5800,0.575873611,-52.22786966,-374.2415866,111720,NA,NA,NA,NA,NA,NA
MAGM,2023,20230731,ic,28,hardwoods,41.610265,-83.130097,322513,4608697,0.00615,0.07071,0.02719,0.013345,0.02813,0.05173,1.514069333,1.372362667,66.82677333,S02667,W04142,58,23.1,NA,1.28,16.1,329,18.91,784.6768428,6693.762904,70.62981289,3980.472425,317.4596394,186.1668375,11266.40247,537.1038173,242.3796636,0.1,161.4439817,57.27574956,7.448,9536,0.975826338,-10.71225815,-316.8237518,121372,NA,NA,NA,NA,NA,NA
MAGM,2022,20220719,rb,1,grasses,41.6054,-83.15367667,320534,4608205,0.01316,0.03905,0.01542,NA,NA,NA,-0.091330594,-0.211919703,-2.255738845,S02537,W04034,43,25.2,6.59,1.23,16.8,295.8,3.02,1036.636409,10889.66101,48.19952774,549.193231,266.7256985,12.82630208,6200.314837,1062.57379,141.0861865,NA,NA,NA,NA,NA,0.318795855,NA,NA,NA,5.07,4.98,0.39,0.18,6.02,3.76
MAGM,2022,20220719,rb,2,grasses,41.60562,-83.15365,320537,4608230,0.008315,0.026085,0.0119825,NA,NA,NA,NA,0.0394879,-0.8432745,S02538,W04035,54,26.6,6.63,4.31,62,308.2,38.61,869.7420294,5561.885011,53.84693566,490.7002744,269.133042,4.217289902,6237.422502,663.5836975,171.663787,NA,NA,NA,NA,NA,0.563238409,NA,NA,NA,NA,NA,0.49,0.53,32.08,31.24
MAGM,2022,20220719,rb,3,grasses,41.60597167,-83.15348167,320552,4608268,0.008035,0.030315,0.021715,NA,NA,NA,3.874681069,-0.387981968,-2.264256853,S02539,W04036,71,24.6,6.66,1.85,24.8,306.1,1.82,554.2214163,2250.303229,22.50968992,500.872093,418.0232558,53.21242079,5633.72093,409.2054264,146.7054264,NA,NA,NA,NA,NA,1.158550792,NA,NA,NA,0.75,1.95,0.64,0.26,3.98,1.72
MAGM,2022,20220719,rb,4,sav,41.60554667,-83.15206667,320669,4608218,0.206005,0.085155,0.2175,NA,NA,NA,-6.000985803,0.031605188,6.806091085,S02540,W04037,34.5,27.5,7.08,2.35,35.4,398.5,5.57,477.0682008,1612.946485,28.50159617,424.5810056,900.8379888,98.43154208,6312.849162,336.0933759,172.5857941,NA,NA,NA,NA,NA,1.555587703,NA,NA,NA,9.48,3.48,0.81,0.84,13.54,20.35
MAGM,2022,20220719,rb,5,sav,41.60599167,-83.15003833,320839,4608264,0.007795,0.021515,0.016335,NA,NA,NA,0.693127541,1.071914568,-16.08925532,S02541,W04038,74,26,8.1,8.54,114.2,280.5,1.93,432.6140649,2134.346125,19.4425841,512.2868477,274.4835403,40.43092895,7755.396425,364.0204008,165.9883571,NA,NA,NA,NA,NA,0.874258756,NA,NA,NA,1.17,1.87,0.74,1.26,19.38,3.29
MAGM,2022,20220719,rb,6,sav,41.60626167,-83.14928167,320903,4608292,0.01264,0.028315,0.01737,NA,NA,NA,12.4556337,-0.830400501,7.196745502,S02542,W04039,63.5,26.6,7.19,4.91,66.2,339.2,9.13,516.8032123,4573.558031,29.47291818,503.4826905,176.5256264,18.66620214,4493.19056,610.2505458,122.0501092,NA,NA,NA,NA,NA,0.522902958,NA,NA,NA,6,18.46,0.87,0.04,3.51,10.7
MAGM,2022,20220719,rb,7,hardwoods,41.607515,-83.151535,320719,4608436,0.00604,0.022185,0.014545,NA,NA,NA,2.605142875,-0.364756479,-13.15368299,S02543,W04040,57,26.5,6.68,4.8,59.8,287.9,48.93,403.2153871,1702.029819,17.68261965,437.9848866,525.8438287,66.93763411,5250.377834,397.4811083,166.5491184,NA,NA,NA,NA,NA,1.034628622,NA,NA,NA,2.07,3.54,0.6,0.24,15.68,2.53
MAGM,2022,20220719,rb,8,hardwoods,41.60794833,-83.14990167,320856,4608481,0.006655,0.0143,0.01984,NA,NA,NA,3.689735588,-0.524391374,-0.42021981,S02544,W04041,54.5,26.2,6.88,4.15,52.4,292.4,3.37,478.2139078,3605.767579,29.5481057,506.2636304,666.4299843,74.99323765,4002.637318,670.8931379,167.6725668,NA,NA,NA,NA,NA,0.622040694,NA,NA,NA,1.17,4.86,0.63,0.1,2.78,2.36
MAGM,2022,20220719,rb,9,hardwoods,41.60807667,-83.148755,320952,4608492,0.016955,0.01684,0.022635,NA,NA,NA,-0.297381921,-0.0037559,0.26493661,S02545,W04042,64.5,24.9,6.96,4.02,57.2,292.7,1.75,743.0858438,2326.667571,27.21596775,521.9999017,289.3663045,34.90399404,4188.584632,334.3001819,82.601642,NA,NA,NA,NA,NA,1.145429621,NA,NA,NA,0.59,0.29,0.48,0.47,3.14,3.4
MAGM,2022,20220719,rb,10,typha,NA,NA,NA,NA,NA,NA,NA,NA,NA,NA,NA,NA,NA,NA,NA,NA,NA,NA,NA,NA,NA,NA,NA,NA,NA,NA,NA,NA,NA,NA,NA,NA,NA,NA,NA,NA,NA,NA,NA,NA,NA,NA,NA,NA,NA,NA
MAGM,2022,20220719,rb,11,typha,NA,NA,NA,NA,NA,NA,NA,NA,NA,NA,NA,NA,NA,NA,NA,NA,NA,NA,NA,NA,NA,NA,NA,NA,NA,NA,NA,NA,NA,NA,NA,NA,NA,NA,NA,NA,NA,NA,NA,NA,NA,NA,NA,NA,NA,NA
MAGM,2022,20220719,rb,12,typha,NA,NA,NA,NA,NA,NA,NA,NA,NA,NA,NA,NA,NA,NA,NA,NA,NA,NA,NA,NA,NA,NA,NA,NA,NA,NA,NA,NA,NA,NA,NA,NA,NA,NA,NA,NA,NA,NA,NA,NA,NA,NA,NA,NA,NA,NA
MAGM,2023,20230829,rb,13,sav,41.609015,-83.140934,321606,4608580,0.00615,0.003985,0.01239,NA,NA,NA,NA,-0.508980596,-1.9702511,S02668,W04151,107,19.7,7.28,1.36,15.3,273.2,6.3,671.3794336,7420.853687,24.6701974,432.8358209,290.8040443,32.67896946,8140.587386,456.1386615,260.3755416,NA,NA,NA,NA,NA,0.284292036,NA,NA,NA,NA,NA,1.75,1.24,7.03,5.06
MAGM,2023,20230829,rb,14,sav,41.60969,-83.139559,321723,4608652,0.00615,0.003985,0.01411,NA,NA,NA,1.091429909,NA,-0.819963451,S02669,W04152,107,19.8,7.27,1.37,15.2,273.3,6.28,618.4907634,6309.97706,19.26615095,443.6546101,774.3048296,94.1949663,9264.060213,728.5176667,386.6819987,NA,NA,NA,NA,NA,0.284778005,NA,NA,NA,1.67,2.76,NA,NA,4.06,3.24
MAGM,2023,20230829,rb,15,sav,41.610255,-83.139184,321755,4608714,0.005665,0.0042875,0.015585,NA,NA,NA,0.59265735,0.35679736,-2.110779996,S02670,W04153,106.5,19.7,7.1,1.76,19.4,282.1,25.18,472.8681217,5819.326742,13.03526448,429.5759866,859.0470193,109.3761592,9697.732997,618.7027708,408.3753149,NA,NA,NA,NA,NA,0.408214205,NA,NA,NA,0.63,1.23,0.69,1.05,4.63,2.52
MAGM,2023,20230829,rb,16,sav,41.610487,-83.139184,321756,4608740,0.00615,0.003985,0.01094,NA,NA,NA,0.75255145,NA,-2.148308178,S02671,W04154,96.5,19.7,7.25,2.85,31.6,266.9,13.02,499.3801463,3353.205813,16.21787652,440.4627828,871.3013208,108.2031845,5187.877547,547.5581038,298.3515921,NA,NA,NA,NA,NA,0.840240906,NA,NA,NA,1.32,2.07,NA,NA,5.81,3.67
MAGM,2023,20230829,rb,17,fav,41.611368,-83.141904,321532,4608844,0.00615,0.003985,0.01354,NA,NA,NA,0.91176831,NA,-0.349270026,S02672,W04155,69,19.7,6.97,2.8,32.1,282.1,28.8,456.4015433,4342.108803,6.979423058,421.8765383,1443.339569,182.091222,4392.044895,781.6284336,510.7807423,NA,NA,NA,NA,NA,0.790186069,NA,NA,NA,0.51,1.42,NA,NA,1.04,0.69
MAGM,2023,20230829,rb,18,fav,41.611545,-83.137586,321892,4608854,0.00615,0.003985,0.01504,NA,NA,NA,NA,NA,NA,NA,W04156,96,19.2,6.87,0.87,9.5,267.2,2.97,NA,NA,NA,NA,NA,NA,NA,NA,NA,NA,NA,NA,NA,NA,NA,NA,NA,NA,NA,NA,NA,NA,NA,NA
MAGM,2023,20230829,rb,19,fav,41.611368,-83.141904,321532,4608844,0.00615,0.003985,0.01139,NA,NA,NA,-0.520183263,-0.499184071,-4.613581313,S02674,W04157,79,19.9,6.96,1.36,14.7,271.9,9.85,522.7318387,5362.238236,20.41730183,411.6806402,771.9131098,90.99922293,8312.690549,470.941311,354.2301829,NA,NA,NA,NA,NA,0.4257091,NA,NA,NA,4.29,3.77,0.98,0.48,8.67,4.06
MAGM,2023,20230829,rb,20,fav,41.609642,-83.137096,321928,4608642,0.00423,0.0043725,0.01385,NA,NA,NA,0.246382344,-0.016660394,-3.817787298,S02675,W04158,93,19.6,6.89,0.59,6.4,281.8,2.58,561.4445183,5879.777039,20.18300654,468.496732,932.496732,112.8160736,7996.862745,547.2418301,427.9215686,NA,NA,NA,NA,NA,0.401896604,NA,NA,NA,2.01,2.25,0.93,0.91,7.85,4.03
MAGM,2023,20230829,rb,21,fav,41.608405,-83.135941,322021,4608502,0.00615,0.003985,0.00997,NA,NA,NA,1.996048705,-0.626237787,-0.493879267,S02676,W04159,75,19.7,6.61,0.59,6.5,325.3,27.29,547.3338125,6456.376452,23.1701161,486.6229177,263.7051994,34.0452019,6400.807673,483.291267,179.6062595,NA,NA,NA,NA,NA,0.431054762,NA,NA,NA,0.26,2.25,1.41,0.78,3.45,2.96
MAGM,2023,20230829,rb,22,fav,41.61054,-83.134727,322128,4608737,0.00615,0.003985,0.0114,NA,NA,NA,-1.673213684,NA,0.433456286,S02677,W04160,87,14.6,6.42,1.92,11.2,401.3,69.02,677.7677355,5876.019465,27.24895904,455.5049869,971.2404377,109.4792866,4642.200058,823.1819502,397.9858623,NA,NA,NA,NA,NA,0.351841767,NA,NA,NA,2.45,0.77,NA,NA,3.42,3.85
MAGM,2023,20230829,rb,23,fav,41.610228,-83.132421,322319,4608697,0.00615,0.003985,0.0125,NA,NA,NA,NA,0.160621435,-2.607943993,S02678,W04161,80,20,6.42,0.34,3.8,533,71.19,650.2411492,6358.776574,20.33783457,500.4598035,988.3355113,120.841749,7699.530516,653.1145637,523.0143749,NA,NA,NA,NA,NA,0.405298389,NA,NA,NA,NA,NA,1.03,1.19,6.22,3.61
MAGM,2023,20230829,rb,24,fav,41.61188,-83.131599,322392,4608879,0.00423,0.0051875,0.0108,NA,NA,NA,NA,-0.096241133,-0.31398229,S02679,W04162,97,NA,6.45,0.7,7.9,347.2,22.72,879.6785773,9961.572189,27.71078549,496.2767235,876.5793899,100.4059763,10146.52895,800.9608455,467.1631035,NA,NA,NA,NA,NA,0.256591786,NA,NA,NA,NA,NA,0.62,0.53,1.06,0.74
MAGM,2023,20230829,rb,25,hardwoods,41.611892,-83.129617,322557,4608876,0.00615,0.04174,0.04627,NA,NA,NA,4.772220646,NA,-6.530772076,S02680,W04163,56,20.7,6.61,1.11,12.5,412.8,13.31,690.4577006,5697.165996,34.64929467,535.9521944,163.4992163,13.79161976,5771.943574,785.6583072,113.8322884,NA,NA,NA,NA,NA,0.556920808,NA,NA,NA,0.1,4.87,NA,NA,16.81,10.28
MAGM,2023,20230829,rb,26,hardwoods,41.611508,-83.129637,322554,4608834,0.00423,0.057875,0.12205,NA,NA,NA,0.555310439,-0.28687324,-2.637171784,S02681,W04164,52,20.4,6.73,0.49,5.7,380.6,13.02,587.5101748,5109.326182,40.66772197,575.6223917,46.39516477,-3.476058753,5412.769223,350.7459107,109.3682544,NA,NA,NA,NA,NA,0.548173361,NA,NA,NA,5.23,5.78,0.78,0.5,9.99,7.35
MAGM,2023,20230829,rb,27,hardwoods,41.610805,-83.129766,322542,4608756,0.11494,0.04091,0.20249,NA,NA,NA,NA,-0.274358075,-3.220970139,S02682,W04165,48,23.5,6.35,0.39,4.6,449.9,371.1,660.0262445,4308.889971,36.22963149,557.4329406,204.3619955,18.09204811,5940.335924,387.8666332,167.2599649,NA,NA,NA,NA,NA,0.575873611,NA,NA,NA,NA,NA,0.61,0.33,11.62,8.4
MAGM,2023,20230829,rb,28,hardwoods,41.610265,-83.130097,322513,4608697,0.00615,0.04519,0.02849,NA,NA,NA,0.408113076,0.221277205,-1.166239025,S02683,W04166,59,19.5,6.29,0.47,5.1,437.2,25.63,490.9909578,3507.109952,19.52800077,574.330206,28.1458555,15.49683967,5711.38408,281.7487184,89.25427991,NA,NA,NA,NA,NA,0.975826338,NA,NA,NA,4.25,4.66,0.49,0.71,9.43,8.26
