event_id,coord_y,coord_x,utm_easting,utm_northing,datetime,location,samp_wdepth_cm,phys_wtemp_C,phys_pH,phys_do_mgL,phys_do_pct,phys_spec_cond,phys_turb_fnu
MAGM_20220711,41.606415,-83.15223667,320657,4608315,7/11/2022 14:01,Open_Water_4,72.5,22.8,8.05,8.12,94.4,,3.77
MAGM_20220711,41.60669667,-83.15042333,320809,4608343,7/11/2022 14:33,Open_Water_6,84,23.76,8.64,11.92,140,286,2.75
MAGM_20220711,41.60622333,-83.15063,320791,4608291,7/11/2022 14:55,Open_Water_5,89,22.9,7.73,6.12,82.1,322.3,2.55
MAGM_20220711,41.60564667,-83.153615,320540,4608233,7/11/2022 15:23,Grasses_2,64,23.4,7.46,3.26,38.1,343.5,2.05
MAGM_20220711,41.60590667,-83.15346167,320554,4608261,7/11/2022 15:35,Grasses_3,60,25.9,7.65,9.71,104.6,3.1,2.9
MAGM_20220711,41.60539333,-83.15365167,320536,4608205,7/11/2022 15:51,Grasses_1,58,25.1,,8.35,102.2,338.6,5.55
MAGM_20220711,41.6073,-83.15146167,320724,4608412,7/11/2022 16:55,Hardwoods_7,50,24.5,7.43,6.37,74.5,326.4,1.2
MAGM_20220711,41.60736333,-83.15079,320780,4608417,7/11/2022 17:06,Hardwoods_8,84,24.6,7.34,7.67,92.3,153.4,2.96
MAGM_20220711,41.60783167,-83.14869333,320956,4608465,7/11/2022 17:21,Hardwoods_9,73,25.2,,8.16,98.9,319.6,5.69
MAGM_20220711,41.60780833,-83.14759167,321048,4608460,7/11/2022 17:54,Typha_10,87,26,7.25,8.39,96.4,,6.32
MAGM_20220711,41.60860833,-83.14573,321205,4608545,7/11/2022 18:18,Typha_11,107,24,6.97,2.15,26.1,309.5,6.42
MAGM_20220711,41.60995667,-83.144685,321296,4608693,7/11/2022 18:46,Typha_12,89,25.7,7.09,5.44,67.3,360.7,4.58
MAGM_20220719,41.6054,-83.15367667,320534,4608205,7/19/2022 15:49,Grasses_1,43,25.2,6.59,1.23,16.8,295.8,3.02
MAGM_20220719,41.60562,-83.15365,320537,4608230,7/19/2022 16:01,Grasses_2,54,26.6,6.63,4.31,62,308.2,38.61
MAGM_20220719,41.60597167,-83.15348167,320552,4608268,7/19/2022 16:10,Grasses_3,71,24.6,6.66,1.85,24.8,306.1,1.82
MAGM_20220719,41.60794833,-83.14990167,320856,4608481,7/19/2022 16:34,Hardwoods_9,54.5,26.2,6.88,4.15,52.4,292.4,3.37
MAGM_20220719,41.60807667,-83.148755,320952,4608492,7/19/2022 16:45,Hardwoods_9,64.5,24.9,6.96,4.02,57.2,292.7,1.75
MAGM_20220719,41.60554667,-83.15206667,320669,4608218,7/19/2022 16:58,Open_water_4,34.5,27.5,7.08,2.35,35.4,398.5,5.57
MAGM_20220719,41.60599167,-83.15003833,320839,4608264,7/19/2022 17:22,Open_water_5,74,26,8.1,8.54,114.2,280.5,1.93
MAGM_20220719,41.60626167,-83.14928167,320903,4608292,7/19/2022 17:33,Open_water_6,63.5,26.6,7.19,4.91,66.2,339.2,9.13
MAGM_20220801,41.607515,-83.151535,320719,4608436,7/19/2022 16:29,Hardwoods_7,57,26.5,6.68,4.8,59.8,287.9,48.93
MAGM_20230731,41.61137167,-83.14190833,321532,4608844,7/31/2023 14:57,fav_5,76.5,21.9,-999,0.28,3.3,298.4,19.41
MAGM_20230731,41.608985,-83.14094333,321605,4608577,7/31/2023 15:27,sav_1,110,23,-999,1.76,21.1,259.7,12.75
MAGM_20230731,41.60968667,-83.13958,321721,4608652,7/31/2023 15:34,sav_2,100,23,-999,0.34,4.1,274,28.1
MAGM_20230731,41.610255,-83.13949333,321730,4608715,7/31/2023 15:47,sav_3,91,23.1,-999,1.56,15.1,257.8,14.36
MAGM_20230731,41.61049167,-83.13918167,321756,4608741,7/31/2023 16:05,sav_4,92,22.8,-999,0.87,10.1,265.1,8.1
MAGM_20230731,41.61154667,-83.13758167,321893,4608855,7/31/2023 16:20,fav_6,89.5,21.9,-999,0.35,3.8,285.4,43.48
MAGM_20230731,41.60964,-83.13709667,321928,4608642,7/31/2023 17:09,fav_8,90.5,22.7,-999,0.32,3.7,268.5,8.31
MAGM_20230731,41.608745,-83.138795,321784,4608546,7/31/2023 17:20,fav_7,76,23.2,-999,0.7,7.7,293.5,48.62
MAGM_20230731,41.60840667,-83.13594833,322020,4608503,7/31/2023 17:44,fav_9,77,22.4,-999,0.25,2.8,443.3,143.66
MAGM_20230731,41.61056833,-83.13472667,322128,4608740,7/31/2023 17:53,fav_10,86,22,-999,0.28,3.1,26.7,12.66
MAGM_20230807,41.610228,-83.132421,322319,4608697,8/7/2023 14:38,fav_11,78,23,-999,0.29,3.6,310.45,24.8
MAGM_20230807,41.61188,-83.131599,322392,4608879,8/7/2023 14:42,fav_12,79,22.5,-999,0.23,2.8,654,35.95
MAGM_20230807,41.611892,-83.129617,322557,4608876,8/7/2023 14:50,hardwoods_13,54,23.9,-999,0.39,5.1,370.8,19.62
MAGM_20230807,41.611452,-83.129667,322552,4608828,8/7/2023 15:01,hardwoods_14,59,24.7,-999,0.91,10.6,325.1,15.73
MAGM_20230807,41.610805,-83.129766,322542,4608756,8/7/2023 15:05,hardwoods_15,50.5,25.4,-999,0.24,3,322.9,18.41
MAGM_20230807,41.610265,-83.130097,322513,4608697,8/7/2023 15:14,hardwoods_16,58,23.1,-999,1.28,16.1,329,18.91
MAGM_20230829,41.609015,-83.140934,321606,4608580,8/29/2023 15:07,sav_1,107,19.7,7.28,1.36,15.3,273.2,6.3
MAGM_20230829,41.60969,-83.139559,321723,4608652,8/29/2023 15:26,sav_2,107,19.8,7.27,1.37,15.2,273.3,6.28
MAGM_20230829,41.610255,-83.139184,321755,4608714,8/29/2023 15:43,sav_3,106.5,19.7,7.1,1.76,19.4,282.1,25.18
MAGM_20230829,41.610487,-83.139184,321756,4608740,8/29/2023 15:53,sav_4,96.5,19.7,7.25,2.85,31.6,266.9,13.02
MAGM_20230829,41.606237,-83.15142855,320724,4608294,8/29/2023 20:32,west_4,73.5,20.8,7.32,3.28,36.5,323.3,7.14
MAGM_20230829,41.60643,-83.151177,320746,4608315,8/29/2023 20:23,west_5,72,20.2,7.13,1.56,17.4,328.7,11.75
MAGM_20230829,41.611368,-83.141904,321532,4608844,8/29/2023 19:38,fav_7,79,19.9,6.96,1.36,14.7,271.9,9.85
MAGM_20230829,41.609642,-83.137096,321928,4608642,8/29/2023 19:29,fav_8,93,19.6,6.89,0.59,6.4,281.8,2.58
MAGM_20230829,41.608405,-83.135941,322021,4608502,8/29/2023 19:12,fav_9,75,19.7,6.61,0.59,6.5,325.3,27.29
MAGM_20230829,41.610228,-83.132421,322319,4608697,8/29/2023 18:45,fav_11,80,20,6.42,0.34,3.8,533,71.19
MAGM_20230829,41.610265,-83.130097,322513,4608697,8/29/2023 18:31,hardwoods_16,59,19.5,6.29,0.47,5.1,437.2,25.63
MAGM_20230829,41.610805,-83.129766,322542,4608756,8/29/2023 18:23,hardwoods_15,48,23.5,6.35,0.39,4.6,449.9,371.1
MAGM_20230829,41.611892,-83.129617,322557,4608876,8/29/2023 18:11,hardwoods_13,56,20.7,6.61,1.11,12.5,412.8,13.31
MAGM_20230829,41.611508,-83.129637,322554,4608834,8/29/2023 18:01,hardwoods_14,52,20.4,6.73,0.49,5.7,380.6,13.02
MAGM_20230829,41.610982,-83.129787,322540,4608776,8/29/2023 17:57,east_1,47,23.4,7.19,3.6,42.4,397.4,19.48
MAGM_20230829,41.606058,-83.151707,320700,4608274,8/29/2023 20:40,west_3,73,20,7.21,2.84,31,330,20.98
MAGM_20230829,41.605822,-83.151914,320682,4608249,8/29/2023 20:50,west_2,70,14.5,7.04,0.81,9,326.9,20.17
MAGM_20230829,41.605807,-83.151931,320681,4608247,8/29/2023 20:57,west_1,72,20.7,7.25,2.56,29,325.1,13.72
MAGM_20230829,41.610993,-83.130107,322514,4608778,8/29/2023 17:41,east_2,73.5,21.2,7.13,5.6,63.2,383,18.8
MAGM_20230829,41.610968,-83.130452,322485,4608776,8/29/2023 17:33,east_3,76,20.1,6.86,0.98,10.8,381.7,7.69
MAGM_20230829,41.610915,-83.131156,322426,4608771,8/29/2023 17:25,east_4,76,20.3,6.3,0.76,8.6,527,25.09
MAGM_20230829,41.610872,-83.131156,322426,4608766,8/29/2023 17:16,east_5,77,20.1,6.78,0.9,10,386.4,16.45
MAGM_20230829,41.61188,-83.131599,322392,4608879,8/29/2023 17:02,fav_12,76,14.2,6.69,0.36,4,248.7,3.03
MAGM_20230829,41.61054,-83.134727,322128,4608737,8/29/2023 16:51,fav_10,87,14.6,6.42,1.92,11.2,401.3,69.02
MAGM_20230829,41.611545,-83.137586,321892,4608854,8/29/2023 16:35,fav_6,96,19.2,6.87,0.87,9.5,267.2,2.97
MAGM_20230829,41.611368,-83.141904,321532,4608844,8/29/2023 16:22,fav_5,69,19.7,6.97,2.8,32.1,282.1,28.8
MAGM_20230908,41.611452,-83.129667,322552,4608828,9/8/2023 17:22,hardwoods_14,78,-999,6.42,1.18,14.3,571,233.1
MAGM_20230908,41.61188,-83.131,322442,4608878,9/8/2023 16:27,fav_12,97,-999,6.45,0.7,7.9,347.2,22.72
MAGM_20230908,41.610982,-83.129787,322540,4608776,9/8/2023 17:11,east_1,61,-999,7.02,1.55,18.2,343.7,1674.2
MAGM_20230908,41.609642,-83.137096,321928,4608642,9/8/2023 18:13,fav_8,102,-999,6.93,1.27,17.5,360.1,108.57
MAGM_20230908,41.60643,-83.151177,320746,4608315,9/8/2023 18:50,west_5,81,-999,6.84,1.65,11.2,393.4,89.65
MAGM_20230908,41.610872,-83.131156,322426,4608766,9/8/2023 16:50,east_5,93,-999,6.44,0.68,7.8,539,40.61
MAGM_20230908,41.610255,-83.139492,321730,4608715,9/8/2023 15:24,sav_3,110,-999,7.1,1.38,16.4,310.7,51.2
MAGM_20230908,41.605807,-83.151931,320681,4608247,9/8/2023 19:07,west_1,80,-999,7.22,2.72,33,311.8,25
MAGM_20231003,41.611005,-83.13014167,322511,4608779,10/3/2023 16:32,MAGM_4_graces,-999,20.2,7.04,2.41,26.8,374.6,6.3
MAGM_20231003,41.61013667,-83.13564833,322050,4608694,10/3/2023 17:10,MAGM_3_graces,96.52,19.8,7.08,0.43,4.6,330.5,6.44
MAGM_20231003,41.60849833,-83.14300833,321432,4608527,10/3/2023 17:59,MAGM_2_graces,95.25,19,6.76,0.15,1.7,312.7,8.58
MAGM_20231003,41.60597833,-83.15207667,320669,4608266,10/3/2023 18:42,MAGM_1_graces,67.31,20.5,7.4,0.57,6.2,371.2,124.05
